column,count,min,max,range,mean,median,variance_sample,std_dev_sample,q1,q3,iqr,mad,coefficient_of_variation,lower_fence,upper_fence,num_outliers
credit_history,2000,0.0,1.0,1.0,0.7625,1.0,0.1812,0.4257,1.0,1.0,0.0,0.0,0.558239,1.0,1.0,475
dependents,2000,0.0,4.0,4.0,1.2085,1.0,1.4768,1.2152,0.0,2.0,2.0,1.0,1.005563,-3.0,5.0,0
experience,2000,0.0,39.0,39.0,17.78,17.0,69.7745,8.3531,11.0,24.0,13.0,6.0,0.469804,-8.5,43.5,0
income,2000,1800.0,21409.35,19609.35,6179.8388,5520.215,8376631.3154,2894.2411,4063.6,7694.86,3631.26,1685.805,0.468336,-1383.29,13141.75,62
loan_amount,2000,2220.18,115306.76,113086.58,23630.3575,19927.84,259934383.422,16122.4807,12242.87,30655.4575,18412.5875,8666.32,0.682278,-15376.0113,58274.3388,81
term,2000,12.0,360.0,348.0,114.204,60.0,9147.5241,95.6427,48.0,180.0,132.0,36.0,0.837472,-150.0,378.0,0
